Date,Open,High,Low,Close,Volume,Dividends,Stock Splits
2023-07-19 00:00:00-04:00,57.21069635947474,58.17095530362598,57.125967523482856,58.02973937988281,12936000,0.0,0.0
2023-07-20 00:00:00-04:00,58.06739497683207,58.75463835462412,58.05797866697097,58.735809326171875,11563000,0.0,0.0
2023-07-21 00:00:00-04:00,58.801715535630315,59.008831279896995,58.594603382634,58.78288650512695,12815100,0.0,0.0
2023-07-24 00:00:00-04:00,58.76405397736724,59.131214663426334,58.745228539254605,58.80171203613281,10251100,0.0,0.0
2023-07-25 00:00:00-04:00,58.65108231259987,58.73581114762751,58.4157248365531,58.60401153564453,13422700,0.0,0.0
2023-07-26 00:00:00-04:00,58.23685829377486,59.47012925129646,57.794385060378076,59.35715866088867,17145500,0.0,0.0
2023-07-27 00:00:00-04:00,59.357159366033386,59.564275110300066,58.72640300488721,58.78288650512695,11517100,0.0,0.0
2023-07-28 00:00:00-04:00,58.92410306977641,59.09356075485248,58.57577497990687,58.8205451965332,9721800,0.0,0.0
2023-07-31 00:00:00-04:00,58.79230126958345,58.79230126958345,58.11447055437284,58.302757263183594,15577900,0.0,0.0
2023-08-01 00:00:00-04:00,58.453383597918744,58.70757010605996,58.0109103884207,58.15212631225586,9281600,0.0,0.0
2023-08-02 00:00:00-04:00,57.95443144073782,58.92410318062026,57.95443144073782,58.33100128173828,11059400,0.0,0.0
2023-08-03 00:00:00-04:00,58.24626782935758,58.48162530808278,57.9261815146405,58.02973937988281,8037400,0.0,0.0
2023-08-04 00:00:00-04:00,58.06739730146997,58.26509672122816,57.06948030117079,57.15420913696289,9359300,0.0,0.0
2023-08-07 00:00:00-04:00,57.22952834440225,57.73790138660896,57.18245756448022,57.60609817504883,6982600,0.0,0.0
2023-08-08 00:00:00-04:00,57.60609231801313,57.756720953210824,57.06947758066697,57.351905822753906,7956100,0.0,0.0
2023-08-09 00:00:00-04:00,57.34249532053931,58.02032600076226,57.19186667951977,57.48371124267578,7904100,0.0,0.0
2023-08-10 00:00:00-04:00,57.756720953210824,58.11446530853158,57.22952252565386,57.351905822753906,7870300,0.0,0.0
2023-08-11 00:00:00-04:00,57.27660260466383,57.61551798672873,57.13538666504662,57.58727264404297,8483900,0.0,0.0
2023-08-14 00:00:00-04:00,57.72848263431532,57.87911127845738,57.19186786510484,57.31425476074219,7176300,0.0,0.0
2023-08-15 00:00:00-04:00,57.135380573029934,57.333083585668206,56.83412328582036,56.92826843261719,7187400,0.0,0.0
2023-08-16 00:00:00-04:00,56.9941701954852,57.2577694330214,56.86237057671709,56.93768310546875,8372300,0.0,0.0
2023-08-17 00:00:00-04:00,57.03182828845239,57.446056175001544,56.90944138898117,57.0600700378418,12873500,0.0,0.0
2023-08-18 00:00:00-04:00,56.994175115145886,57.51196091554527,56.83413014191956,57.38016128540039,11083800,0.0,0.0
2023-08-21 00:00:00-04:00,57.29542488975996,57.361324696149794,56.787051876521176,56.89060974121094,8648500,0.0,0.0
2023-08-22 00:00:00-04:00,56.80588516451129,57.03182993998027,56.466969796943,56.54228591918945,9411500,0.0,0.0
2023-08-23 00:00:00-04:00,56.674082796841866,56.900023970097024,56.63642473754261,56.73998260498047,7749500,0.0,0.0
2023-08-24 00:00:00-04:00,56.739984118695325,57.31425696888382,56.57052643859805,56.58935546875,8955100,0.0,0.0
2023-08-25 00:00:00-04:00,56.87178389470563,57.0224125450647,56.4952104731728,56.85295486450195,7629200,0.0,0.0
2023-08-28 00:00:00-04:00,57.00358036336758,57.17303803456171,56.83412269217346,57.012996673583984,6254300,0.0,0.0
2023-08-29 00:00:00-04:00,57.012999541501415,57.07889935125073,56.62701340242527,56.956512451171875,8189600,0.0,0.0
2023-08-30 00:00:00-04:00,57.08830979526659,57.18245494206342,56.75881075965304,56.92826843261719,9447900,0.0,0.0
2023-08-31 00:00:00-04:00,56.76822571089612,56.928270671108834,56.3069270428983,56.32575607299805,14663500,0.0,0.0
2023-09-01 00:00:00-04:00,56.48579367794501,56.60818056980284,55.657334365112874,55.83620834350586,11262300,0.0,0.0
2023-09-05 00:00:00-04:00,55.77972360630923,55.84562341440748,55.233692520614994,55.374908447265625,12474600,0.0,0.0
2023-09-06 00:00:00-04:00,55.186624916059074,55.38432794299434,54.99833820011951,55.33725357055664,13923500,0.0,0.0
2023-09-07 00:00:00-04:00,55.49730180203882,55.69500124933819,54.885370837041,54.91361618041992,17628600,0.0,0.0
2023-09-08 00:00:00-04:00,54.885370837041,54.988928716465615,54.612355262425325,54.91361618041992,14312300,0.0,0.0
2023-09-11 00:00:00-04:00,54.97950675554219,55.53495053169693,54.8194618075298,55.431392669677734,14767400,0.0,0.0
2023-09-12 00:00:00-04:00,55.5349534865097,55.54436620570771,54.78180666494157,54.8853645324707,12292700,0.0,0.0
2023-09-13 00:00:00-04:00,54.979504044099016,55.24310324986057,54.92301696089161,55.01715850830078,12641400,0.0,0.0
2023-09-14 00:00:00-04:00,55.263881848524306,55.59599506561825,55.21643400057153,55.47263717651367,12311600,0.46,0.0
2023-09-15 00:00:00-04:00,55.42518976808048,55.643436101042674,54.798916580522146,54.97920608520508,55727500,0.0,0.0
2023-09-18 00:00:00-04:00,55.0171648280656,55.368256452460734,54.68505161847055,55.3208122253418,13617400,0.0,0.0
2023-09-19 00:00:00-04:00,55.28285736880721,55.40621525952913,54.96023154521631,55.206947326660156,11998900,0.0,0.0
2023-09-20 00:00:00-04:00,55.32081757562846,55.82373656706339,55.11206223216312,55.45366287231445,14766600,0.0,0.0
2023-09-21 00:00:00-04:00,55.38723565335723,55.43467988114953,54.485780846253334,54.59965133666992,15941800,0.0,0.0
2023-09-22 00:00:00-04:00,54.89380663268366,55.007677120843,54.56169342495848,54.65658187866211,14644100,0.0,0.0
2023-09-25 00:00:00-04:00,54.46680700970689,54.55220806914134,53.84053378044184,54.08724594116211,12358800,0.0,0.0
2023-09-26 00:00:00-04:00,53.83104258809964,53.99235730862439,53.51790778436499,53.64126205444336,11194700,0.0,0.0
2023-09-27 00:00:00-04:00,53.53688434188263,53.64126381981693,52.83470104993642,53.090904235839844,13766300,0.0,0.0
2023-09-28 00:00:00-04:00,53.35658942457631,53.441990477908604,52.85367412148746,52.95805358886719,12484800,0.0,0.0
2023-09-29 00:00:00-04:00,53.2711893876526,53.394547271433424,52.77776147229173,53.11936569213867,12271600,0.0,0.0
2023-10-02 00:00:00-04:00,53.05294339748323,53.147831850387185,52.26535910304557,52.64491653442383,11792500,0.0,0.0
2023-10-03 00:00:00-04:00,52.341275005328036,52.59747820058667,51.98069232832371,52.075584411621094,13604200,0.0,0.0
2023-10-04 00:00:00-04:00,52.08506924005432,52.45513929724671,51.91426711830972,52.2274055480957,12100500,0.0,0.0
2023-10-05 00:00:00-04:00,51.942733229039625,52.14200115174041,49.570485711851816,49.703330993652344,29878100,0.0,0.0
2023-10-06 00:00:00-04:00,49.38070817421142,50.56683200456952,48.91574604001548,50.424495697021484,30298900,0.0,0.0
2023-10-09 00:00:00-04:00,50.253690189117705,50.433983315829735,49.447127486736015,50.17778015136719,15704700,0.0,0.0
2023-10-10 00:00:00-04:00,51.36390452421295,51.55368505053263,50.82303237704746,51.269012451171875,20909700,0.0,0.0
2023-10-11 00:00:00-04:00,51.44930304811547,51.5062346693759,50.31062356599721,50.965362548828125,21138900,0.0,0.0
2023-10-12 00:00:00-04:00,51.01280981744584,51.07923607915097,49.750776000773534,50.111358642578125,19330400,0.0,0.0
2023-10-13 00:00:00-04:00,50.04493842984775,50.690186465787875,49.950046351207526,50.18727111816406,14494600,0.0,0.0
2023-10-16 00:00:00-04:00,50.310631833520816,50.82303822764189,50.139829702147125,50.69968032836914,12816800,0.0,0.0
2023-10-17 00:00:00-04:00,50.585814563135074,51.33544213429523,50.49092247707729,51.306976318359375,16457200,0.0,0.0
2023-10-18 00:00:00-04:00,51.335434796434114,51.743461658752,51.16463268570744,51.28799057006836,12809500,0.0,0.0
2023-10-19 00:00:00-04:00,51.392376636974966,51.96171466597267,51.10770762247611,51.57266616821289,16202200,0.0,0.0
2023-10-20 00:00:00-04:00,51.743461018152026,52.20842311820991,51.65805996384598,51.78141784667969,15686400,0.0,0.0
2023-10-23 00:00:00-04:00,51.60113630351692,52.08507327275375,51.28799784948611,51.31646728515625,21212700,0.0,0.0
2023-10-24 00:00:00-04:00,52.80623250296911,53.299656813510396,52.47411567038792,52.7967414855957,25290800,0.0,0.0
2023-10-25 00:00:00-04:00,52.91060450439001,53.34710077773106,52.72082760788604,53.2522087097168,16701000,0.0,0.0
2023-10-26 00:00:00-04:00,53.48943890710325,53.736154689348005,52.872656691016644,52.929588317871094,16228400,0.0,0.0
2023-10-27 00:00:00-04:00,52.711339298912215,53.27118985978714,52.28433402031905,52.41718292236328,13626500,0.0,0.0
2023-10-30 00:00:00-04:00,52.597473154957314,53.40403587691646,52.58798213765661,53.28068161010742,15014300,0.0,0.0
2023-10-31 00:00:00-04:00,53.67921585396885,53.82155215111426,53.28068001358153,53.60330581665039,16639400,0.0,0.0
2023-11-01 00:00:00-04:00,53.89746667251719,53.9733803359138,53.38506030387812,53.55586242675781,14110800,0.0,0.0
2023-11-02 00:00:00-04:00,53.61279499841004,54.2295808135534,53.47994971385917,54.172645568847656,13087200,0.0,0.0
2023-11-03 00:00:00-04:00,54.46680744446914,54.64709696259757,53.8025773790951,53.84053421020508,13958700,0.0,0.0
2023-11-06 00:00:00-05:00,53.87848372993091,54.35293322700959,53.84053052118404,54.05877685546875,12673200,0.0,0.0
2023-11-07 00:00:00-05:00,54.011325631719345,54.46680030581734,53.83103613722042,54.25804138183594,10449300,0.0,0.0
2023-11-08 00:00:00-05:00,54.390891910575874,54.533228212458965,54.011330852062656,54.172645568847656,13744000,0.0,0.0
2023-11-09 00:00:00-05:00,54.115709541120886,54.22008901168984,53.48943633746963,53.764617919921875,12021100,0.0,0.0
2023-11-10 00:00:00-05:00,53.963888779111564,54.02082402609035,53.19528285359258,53.821556091308594,11678900,0.0,0.0
2023-11-13 00:00:00-05:00,53.72666441708097,54.182135537048815,53.70768600127864,54.02082443237305,12798200,0.0,0.0
2023-11-14 00:00:00-05:00,54.10622649079885,54.314985448709294,53.90695855084585,54.18213653564453,12697100,0.0,0.0
2023-11-15 00:00:00-05:00,54.37191916300275,54.40987599676292,53.850025367970595,54.28651809692383,10201900,0.0,0.0
2023-11-16 00:00:00-05:00,54.324468378730344,54.59015894348137,53.90695411701267,54.22957992553711,16010400,0.0,0.0
2023-11-17 00:00:00-05:00,54.26754264868126,54.40987897318677,53.80258407885438,54.33396530151367,14475800,0.0,0.0
2023-11-20 00:00:00-05:00,54.13469147119035,54.63761044206678,54.04929040970286,54.4668083190918,13051000,0.0,0.0
2023-11-21 00:00:00-05:00,54.523737370314336,55.0741005449506,54.400383102699344,55.06460952758789,13891600,0.0,0.0
2023-11-22 00:00:00-05:00,55.28285343078172,55.5485476087765,55.159499168609464,55.43467712402344,11320600,0.0,0.0
2023-11-24 00:00:00-05:00,55.47263925999663,55.747820861502845,55.35877238411096,55.57701873779297,4816000,0.0,0.0
2023-11-27 00:00:00-05:00,55.54855083742805,55.69088352199863,55.292347661485906,55.47263717651367,16246500,0.0,0.0
2023-11-28 00:00:00-05:00,55.4157037780611,55.823730643018244,55.377746948818,55.58650588989258,13739600,0.0,0.0
2023-11-29 00:00:00-05:00,55.58651522797361,55.67191267847295,55.131040440065306,55.254398345947266,11263600,0.0,0.0
2023-11-30 00:00:00-05:00,55.43611624024817,55.91434361357381,55.09179194768006,55.89521408081055,22727500,0.46,0.0
2023-12-01 00:00:00-05:00,55.7326224450428,56.134331715568806,55.70392996817253,56.086509704589844,15371200,0.0,0.0
2023-12-04 00:00:00-05:00,56.0386836709191,56.39257090506263,55.895213999695486,56.019554138183594,14942200,0.0,0.0
2023-12-05 00:00:00-05:00,56.00042598832899,56.26823580465404,55.876085846770415,56.10563659667969,11891500,0.0,0.0
2023-12-06 00:00:00-05:00,56.009996685078164,56.17259225638631,55.675235302278274,56.04825210571289,14868500,0.0,0.0
2023-12-07 00:00:00-05:00,56.115200417562264,56.32562163755812,55.84739424562968,56.18215560913086,11587900,0.0,0.0
2023-12-08 00:00:00-05:00,56.18215569545418,56.191718637929846,55.82826479790186,56.05781555175781,11178700,0.0,0.0
2023-12-11 00:00:00-05:00,56.268234885532785,56.51691151600251,55.95260306563644,56.46908950805664,14524800,0.0,0.0
2023-12-12 00:00:00-05:00,56.62212104406558,56.83253860473633,56.33518535327073,56.83253860473633,12899000,0.0,0.0
2023-12-13 00:00:00-05:00,56.86123753056545,57.40641646452359,56.67950878685578,57.320335388183594,16196800,0.0,0.0
2023-12-14 00:00:00-05:00,57.35859272047409,57.42554426131538,56.21084628684654,56.46908950805664,22478300,0.0,0.0
2023-12-15 00:00:00-05:00,56.26823992943728,56.593431072053576,55.28308896423347,56.04825210571289,65177400,0.0,0.0
2023-12-18 00:00:00-05:00,56.23953759238106,56.89949369350025,56.067375448487816,56.44995880126953,16717700,0.0,0.0
2023-12-19 00:00:00-05:00,56.43082980783471,56.622121486052905,56.086505516759026,56.26823425292969,14612200,0.0,0.0
2023-12-20 00:00:00-05:00,55.952604489331165,56.11520005020138,55.0631012542806,55.10136032104492,17701000,0.0,0.0
2023-12-21 00:00:00-05:00,55.330906500981676,55.54132771608805,54.96745631854294,55.464813232421875,11725100,0.0,0.0
2023-12-22 00:00:00-05:00,55.589149602555665,55.9143443667409,55.493505586036335,55.78044128417969,9029400,0.0,0.0
2023-12-26 00:00:00-05:00,55.531763323810054,56.153456713486094,55.531763323810054,56.00999069213867,6422500,0.0,0.0
2023-12-27 00:00:00-05:00,56.08650610081579,56.21084624024022,55.856959003431804,56.15345764160156,8560100,0.0,0.0
2023-12-28 00:00:00-05:00,56.09607122716285,56.30648878617435,55.981294032881785,56.191715240478516,8400100,0.0,0.0
2023-12-29 00:00:00-05:00,56.18215506379259,56.41170216648227,56.0769444548159,56.3638801574707,9244300,0.0,0.0
2024-01-02 00:00:00-05:00,56.23953795081601,57.27251082075898,56.1151978130817,57.21512222290039,16322600,0.0,0.0
2024-01-03 00:00:00-05:00,57.320333251469734,57.578576470863254,57.157734047295165,57.34902572631836,14830600,0.0,0.0
2024-01-04 00:00:00-05:00,57.43510666875955,57.63596128941349,57.062089902235016,57.15773391723633,12912900,0.0,0.0
2024-01-05 00:00:00-05:00,57.1959915940915,57.339461261695675,56.51690961774687,57.071651458740234,10412800,0.0,0.0
2024-01-08 00:00:00-05:00,57.08121686235787,57.55944421298179,56.83253659682576,57.49249267578125,11554600,0.0,0.0
2024-01-09 00:00:00-05:00,57.37772419741353,57.52119022611199,57.023833299736,57.38728713989258,10493700,0.0,0.0
2024-01-10 00:00:00-05:00,57.59770466659413,57.779429750725825,57.36815392737786,57.578575134277344,12258000,0.0,0.0
2024-01-11 00:00:00-05:00,57.62639754502137,57.63596048695424,57.09078158214957,57.20555877685547,13754200,0.0,0.0
2024-01-12 00:00:00-05:00,57.46380485103576,57.82725503993128,57.26294657459985,57.76030349731445,13218000,0.0,0.0
2024-01-16 00:00:00-05:00,57.76030341560469,57.79856248235602,57.243816960218,57.377723693847656,11826900,0.0,0.0
2024-01-17 00:00:00-05:00,57.253383551198546,57.58814126380912,57.215124484447216,57.377723693847656,8982100,0.0,0.0
2024-01-18 00:00:00-05:00,57.090782635967585,57.60726907592204,56.93775002212019,57.54031753540039,10397700,0.0,0.0
2024-01-19 00:00:00-05:00,57.635965511843665,57.65509504596242,57.04296454850442,57.224693298339844,14392600,0.0,0.0
2024-01-22 00:00:00-05:00,57.15773828541839,57.45424059231862,56.851673035721326,56.97601318359375,14314300,0.0,0.0
2024-01-23 00:00:00-05:00,56.937751142017696,57.38728605029231,56.87079960017918,57.24381637573242,14481600,0.0,0.0
2024-01-24 00:00:00-05:00,57.1959935985514,57.205560189305714,56.325619917760285,56.344749450683594,16370500,0.0,0.0
2024-01-25 00:00:00-05:00,56.44039643919668,56.593429062057396,56.10563871687185,56.583866119384766,14899700,0.0,0.0
2024-01-26 00:00:00-05:00,56.66994401126894,56.899494756945295,56.555170462723424,56.78471755981445,13025100,0.0,0.0
2024-01-29 00:00:00-05:00,56.756023008836365,57.18642836087059,56.593423809807796,57.1290397644043,14547100,0.0,0.0
2024-01-30 00:00:00-05:00,57.24381557877385,57.40641478425034,56.86123586624947,57.29164123535156,22061500,0.0,0.0
2024-01-31 00:00:00-05:00,57.48293620620829,57.817697599735375,56.70821009689103,56.89950180053711,22837000,0.0,0.0
2024-02-01 00:00:00-05:00,56.976006852319315,58.353300322908844,56.77515223863473,58.324607849121094,15870900,0.0,0.0
2024-02-02 00:00:00-05:00,58.17157660463331,58.21939861159541,57.60726816587591,57.903770446777344,17544900,0.0,0.0
2024-02-05 00:00:00-05:00,57.75073566722519,57.75073566722519,57.27250831838766,57.425540924072266,12759600,0.0,0.0
2024-02-06 00:00:00-05:00,57.34902836787049,57.43510944496664,57.08122219405379,57.329898834228516,12775200,0.0,0.0
2024-02-07 00:00:00-05:00,57.45423817876489,57.58814126380912,57.32989803611578,57.377723693847656,10259900,0.0,0.0
2024-02-08 00:00:00-05:00,57.28207825211055,57.35859638858558,56.822980379017054,57.224693298339844,12874800,0.0,0.0
2024-02-09 00:00:00-05:00,56.8803610409295,56.98557163960259,56.45951864623715,56.9664421081543,15235300,0.0,0.0
2024-02-12 00:00:00-05:00,57.06208654838631,57.15773055776611,56.3925675369725,57.100345611572266,13516800,0.0,0.0
2024-02-13 00:00:00-05:00,56.90905652218123,58.01854386473749,56.229974538501374,56.765586853027344,24195700,0.0,0.0
2024-02-14 00:00:00-05:00,56.59342897335303,56.995141888098715,56.46909247587614,56.70820617675781,15872500,0.0,0.0
2024-02-15 00:00:00-05:00,56.83254141223432,56.99514062248772,56.55517229829572,56.81341552734375,13695800,0.0,0.0
2024-02-16 00:00:00-05:00,56.76558538797265,57.02382859663353,56.392568636101984,56.8038444519043,13947100,0.0,0.0
2024-02-20 00:00:00-05:00,57.00470597748453,58.19071156309339,56.918624897492066,58.05680847167969,18339300,0.0,0.0
2024-02-21 00:00:00-05:00,58.33417428670157,58.61154337928896,58.18114167925898,58.57328796386719,14373000,0.0,0.0
2024-02-22 00:00:00-05:00,58.334180510994365,58.58285715640309,57.8655160483655,58.487213134765625,12982800,0.0,0.0
2024-02-23 00:00:00-05:00,58.429823568471065,58.93674344223881,58.343742490983566,58.5350341796875,13612900,0.0,0.0
2024-02-26 00:00:00-05:00,58.573287763222616,58.60198023683695,58.0185422827778,58.06636428833008,10336100,0.0,0.0
2024-02-27 00:00:00-05:00,57.90377414103062,58.13332124852788,57.502061230032176,57.71248245239258,9931100,0.0,0.0
2024-02-28 00:00:00-05:00,57.74117463332715,57.855951835074166,57.44467598361104,57.76987075805664,8076500,0.0,0.0
2024-02-29 00:00:00-05:00,57.722042199464326,57.99941495020484,57.29164048458766,57.40641403198242,18152700,0.0,0.0
2024-03-01 00:00:00-05:00,57.291642664881095,57.291642664881095,56.75602667567998,56.93775177001953,10927600,0.0,0.0
2024-03-04 00:00:00-05:00,56.650813281532685,57.33946185542711,56.64125033959982,57.20555877685547,10150200,0.0,0.0
2024-03-05 00:00:00-05:00,57.30119742095657,57.49248907895564,56.832533041288094,56.92818069458008,12310000,0.0,0.0
2024-03-06 00:00:00-05:00,56.92818237487008,57.38728017846762,56.79427930489393,56.95687484741211,12378800,0.0,0.0
2024-03-07 00:00:00-05:00,57.09078300022218,57.16730113192675,56.660381279432706,56.85166931152344,13686900,0.0,0.0
2024-03-08 00:00:00-05:00,56.717759505922615,57.18642388559109,56.402131371521314,56.92818069458008,13239000,0.0,0.0
2024-03-11 00:00:00-04:00,57.1768607982313,57.664654738437086,56.985572777100145,57.6168327331543,14114300,0.0,0.0
2024-03-12 00:00:00-04:00,57.69335450295432,58.104630367815,57.58814388888499,57.865516662597656,12684600,0.0,0.0
2024-03-13 00:00:00-04:00,58.22896806310579,58.544596243431634,58.15244992933866,58.45851516723633,13909500,0.0,0.0
2024-03-14 00:00:00-04:00,58.405491688475394,58.6175923203604,58.23195246744358,58.32836151123047,13996600,0.485,0.0
2024-03-15 00:00:00-04:00,57.86559165601077,58.28015716553241,57.499230668528305,57.73061752319336,36849900,0.0,0.0
2024-03-18 00:00:00-04:00,57.7402584943966,58.231954194492594,57.653488881307275,57.97164535522461,15856700,0.0,0.0
2024-03-19 00:00:00-04:00,58.07769731051135,58.183745790344304,57.904158084938324,58.06805419921875,15030600,0.0,0.0
2024-03-20 00:00:00-04:00,58.01984590918464,58.62723315925622,58.000563365620714,58.56938552856445,15258800,0.0,0.0
2024-03-21 00:00:00-04:00,58.38621190587995,58.80077743375754,58.15482504096965,58.299442291259766,13067100,0.0,0.0
2024-03-22 00:00:00-04:00,58.34764756525942,58.6079564124652,58.260877949524165,58.3187255859375,11502800,0.0,0.0
2024-03-25 00:00:00-04:00,58.3090791669766,58.53082291066266,57.962000723722156,58.23195266723633,13144700,0.0,0.0
2024-03-26 00:00:00-04:00,58.32835919879513,58.53082038938255,58.212667615283614,58.36692428588867,13277400,0.0,0.0
2024-03-27 00:00:00-04:00,58.60795701745808,59.22498376782508,58.521187400827124,58.83934020996094,12551200,0.0,0.0
2024-03-28 00:00:00-04:00,58.945390293320614,59.061081885491724,58.81041615615942,58.98395538330078,13683500,0.0,0.0
2024-04-01 00:00:00-04:00,58.983952285364,59.09964387145879,58.45369519817955,58.50189971923828,11668700,0.0,0.0
2024-04-02 00:00:00-04:00,58.280155637626784,58.55010389618449,57.95235974747707,57.99092483520508,13017300,0.0,0.0
2024-04-03 00:00:00-04:00,57.89451564845242,58.22231155860336,57.634206807058774,57.68241500854492,13672900,0.0,0.0
2024-04-04 00:00:00-04:00,57.9330764174484,57.99092404825541,57.046097800586566,57.17143249511719,14320700,0.0,0.0
2024-04-05 00:00:00-04:00,57.12323182430674,57.5377973452701,56.7954359165164,57.373897552490234,10157800,0.0,0.0
2024-04-08 00:00:00-04:00,57.26784797572324,57.33533504270242,56.94969150759055,57.142513275146484,10284500,0.0,0.0
2024-04-09 00:00:00-04:00,57.344971948742845,57.59564133884871,57.00753662871859,57.576358795166016,10779100,0.0,0.0
2024-04-10 00:00:00-04:00,57.190716309501326,57.2582033747245,56.58332904472349,56.80507278442383,11861900,0.0,0.0
2024-04-11 00:00:00-04:00,57.02682119962401,57.238921832135205,56.67974275653569,56.9304084777832,11109000,0.0,0.0
2024-04-12 00:00:00-04:00,56.83400170637734,56.89184566402559,56.043435744516195,56.18804931640625,12250900,0.0,0.0
2024-04-15 00:00:00-04:00,56.506204488935005,56.69902625810256,55.956664837357536,56.05307388305664,12425000,0.0,0.0
2024-04-16 00:00:00-04:00,56.15912316760995,56.28445786282376,55.85060982382916,55.97594451904297,11236800,0.0,0.0
2024-04-17 00:00:00-04:00,56.18804629852548,56.457998238206,56.01450707936272,56.4097900390625,13805100,0.0,0.0
2024-04-18 00:00:00-04:00,56.51584167415147,56.86292010929215,56.43871517621421,56.795433044433594,11125900,0.0,0.0
2024-04-19 00:00:00-04:00,56.978615859904984,58.193390471690684,56.88220681099414,58.01020812988281,21207900,0.0,0.0
2024-04-22 00:00:00-04:00,57.981281075513415,58.45369420047176,57.57635869220839,58.376564025878906,15624500,0.0,0.0
2024-04-23 00:00:00-04:00,58.357284787393034,58.5019020340607,57.97164492589487,58.46333694458008,13689100,0.0,0.0
2024-04-24 00:00:00-04:00,58.15482637876182,59.43708808233834,57.69205631606512,59.340675354003906,19548300,0.0,0.0
2024-04-25 00:00:00-04:00,59.64918050019504,60.343337337362016,59.1671279583333,59.52384948730469,19048500,0.0,0.0
2024-04-26 00:00:00-04:00,59.34066716762505,59.707028129215296,59.14784541532656,59.52384948730469,10994300,0.0,0.0
2024-04-29 00:00:00-04:00,59.697388384119094,59.822723081843904,59.3213879687139,59.81308364868164,13409300,0.0,0.0
2024-04-30 00:00:00-04:00,59.909494217065706,60.57472913304923,59.26354552343633,59.55277633666992,19349200,0.0,0.0
2024-05-01 00:00:00-04:00,59.581696552789595,60.324057947390905,59.01287437655063,59.70703125,16729800,0.0,0.0
2024-05-02 00:00:00-04:00,59.948059792420565,60.16016410680441,59.50457229668103,59.7648811340332,10991300,0.0,0.0
2024-05-03 00:00:00-04:00,59.7648761798994,60.09267205778887,59.42743719155402,59.938411712646484,11628700,0.0,0.0
2024-05-06 00:00:00-04:00,60.06374921412396,60.140879390303496,59.67810936653395,60.11195373535156,9310700,0.0,0.0
2024-05-07 00:00:00-04:00,60.507238997744835,60.565086632082114,60.01554697807073,60.37226486206055,9807000,0.0,0.0
2024-05-08 00:00:00-04:00,60.59400939941406,60.70970466959519,60.23729151077911,60.59400939941406,10484400,0.0,0.0
2024-05-09 00:00:00-04:00,60.555449178730335,60.88324509515507,60.49760154250145,60.6229362487793,9113700,0.0,0.0
2024-05-10 00:00:00-04:00,60.66149244186049,61.08570104882988,60.53616142413696,60.989288330078125,8371700,0.0,0.0
2024-05-13 00:00:00-04:00,60.97000989559529,61.33636719613725,60.91216226393483,61.29780578613281,10137600,0.0,0.0
2024-05-14 00:00:00-04:00,61.297803280882405,61.47133881323296,60.5457988111078,60.83502960205078,10852200,0.0,0.0
2024-05-15 00:00:00-04:00,60.79647319859646,61.11462599149445,60.738625564538026,60.86396026611328,9838900,0.0,0.0
2024-05-16 00:00:00-04:00,60.97001171403294,61.44242118115748,60.80611192499125,61.04713821411133,10228000,0.0,0.0
2024-05-17 00:00:00-04:00,61.06642153372148,61.095343511896836,60.68077799512646,60.767547607421875,11539000,0.0,0.0
2024-05-20 00:00:00-04:00,60.67114080945261,60.74826731336745,60.2180101864809,60.32406234741211,11000900,0.0,0.0
2024-05-21 00:00:00-04:00,60.565085857238856,60.71934253572874,60.19872486666187,60.65185546875,9796200,0.0,0.0
2024-05-22 00:00:00-04:00,60.459033196024215,60.757907117125185,60.41082867398065,60.738624572753906,7419400,0.0,0.0
2024-05-23 00:00:00-04:00,60.24692967673902,60.622930079539735,59.822721076435364,59.86128616333008,9834300,0.0,0.0
2024-05-24 00:00:00-04:00,59.98662518949488,60.17944328235687,59.74559889564801,59.77452087402344,8203100,0.0,0.0
2024-05-28 00:00:00-04:00,59.57206068714631,59.89985659948647,59.196060250767474,59.600982666015625,12347000,0.0,0.0
2024-05-29 00:00:00-04:00,59.2635467765835,59.65882975450731,58.87790323227127,59.48529052734375,11861800,0.0,0.0
2024-05-30 00:00:00-04:00,59.6299025723605,59.851649995216206,59.38887628277494,59.74559783935547,9433800,0.0,0.0
2024-05-31 00:00:00-04:00,59.76487746809938,60.767543988753445,59.47564299249217,60.67113494873047,19816600,0.0,0.0
2024-06-03 00:00:00-04:00,60.45903064735695,60.825391619428714,60.20836493663571,60.67113494873047,9369000,0.0,0.0
2024-06-04 00:00:00-04:00,60.93144267742925,61.673804041154646,60.68077329343416,61.64487838745117,11895600,0.0,0.0
2024-06-05 00:00:00-04:00,61.69309346982923,61.770219973518635,61.076063051466605,61.62560272216797,9632500,0.0,0.0
2024-06-06 00:00:00-04:00,61.625596036073254,62.049804632533466,61.54846954075172,61.84734344482422,8658500,0.0,0.0
2024-06-07 00:00:00-04:00,61.78949853405891,61.91483691719147,61.5195539336027,61.615962982177734,9523100,0.0,0.0
2024-06-10 00:00:00-04:00,61.64488085140873,61.69308905025173,61.095341220075355,61.30744552612305,15685300,0.0,0.0
2024-06-11 00:00:00-04:00,61.30744784088764,61.36529547502184,60.806112711699306,61.268882751464844,8396000,0.0,0.0
2024-06-12 00:00:00-04:00,61.40385911013712,61.40385911013712,60.43975390627256,60.6229362487793,9569600,0.0,0.0
2024-06-13 00:00:00-04:00,60.60365013386793,60.7771893545638,60.208367170676055,60.72898483276367,9668900,0.0,0.0
2024-06-14 00:00:00-04:00,60.60753723302272,60.90872652851666,60.325776396464825,60.772705078125,8179200,0.485,0.0
2024-06-17 00:00:00-04:00,60.5978170040956,61.11276009777159,60.41321700073638,60.84071350097656,10532700,0.0,0.0
2024-06-18 00:00:00-04:00,60.75326871541199,61.035029532502904,60.66582583101503,60.85042953491211,10651700,0.0,0.0
2024-06-20 00:00:00-04:00,60.62696573565597,60.957305112210555,60.18975130987692,60.41321563720703,13306300,0.0,0.0
2024-06-21 00:00:00-04:00,60.41321433967092,61.307071629793384,60.41321433967092,60.9864501953125,28278100,0.0,0.0
2024-06-24 00:00:00-04:00,61.20019763954115,62.239790552580395,61.12246898830116,62.15235137939453,13212500,0.0,0.0
2024-06-25 00:00:00-04:00,62.123203864712764,62.24951107507576,61.70542161269431,62.02604675292969,10235300,0.0,0.0
2024-06-26 00:00:00-04:00,61.59855488744797,62.2883800691883,61.433383337473984,62.23008728027344,9402500,0.0,0.0
2024-06-27 00:00:00-04:00,62.23008796218288,62.443830661417216,61.81230196797806,62.09406280517578,8494100,0.0,0.0
2024-06-28 00:00:00-04:00,62.084346235015545,62.239796138835565,61.71514252110033,61.84144973754883,17358800,0.0,0.0
2024-07-01 00:00:00-04:00,62.210645929641615,62.47297828187944,61.32650288134146,61.481956481933594,10033400,0.0,0.0
2024-07-02 00:00:00-04:00,61.462527013885946,61.57911999917264,61.07389484851604,61.355655670166016,8878200,0.0,0.0
2024-07-03 00:00:00-04:00,61.39451531896394,61.86087613379814,61.141904600793616,61.530540466308594,9154200,0.0,0.0
2024-07-05 00:00:00-04:00,61.53054372212124,61.977472396697735,61.20991856015995,61.94832229614258,11735500,0.0,0.0
2024-07-08 00:00:00-04:00,61.78315121668862,61.78315121668862,61.054461748197866,61.171051025390625,11235100,0.0,0.0
2024-07-09 00:00:00-04:00,61.268211394179076,61.4333792267947,60.81156481126673,60.908721923828125,11657500,0.0,0.0
2024-07-10 00:00:00-04:00,60.93787516051843,61.07389660763105,60.52009288364027,61.04475021362305,11930400,0.0,0.0
2024-07-11 00:00:00-04:00,60.86014304032156,61.65684321922145,60.626964488905436,61.307071685791016,11431600,0.0,0.0
2024-07-12 00:00:00-04:00,61.656847632812266,62.28838002519166,61.58883690825529,61.89002990722656,9201500,0.0,0.0
2024-07-15 00:00:00-04:00,61.97746862175268,62.123204290425974,61.54996843184262,61.6082649230957,8207500,0.0,0.0
2024-07-16 00:00:00-04:00,61.62769990572803,62.482692912043404,61.5888355764483,62.44382858276367,9025100,0.0,0.0
2024-07-17 00:00:00-04:00,62.63815273965465,63.53201011107492,62.57985994970516,63.35712432861328,12508200,0.0,0.0
2024-07-18 00:00:00-04:00,62.958770530557764,63.94006697189,62.88104187799314,63.33768844604492,11128200,0.0,0.0
2024-07-19 00:00:00-04:00,63.774910062213216,63.774910062213216,62.97820976857025,63.43485641479492,13775700,0.0,0.0
2024-07-22 00:00:00-04:00,63.39598719682225,63.434851526762984,62.49241191038601,62.929622650146484,11794200,0.0,0.0
2024-07-23 00:00:00-04:00,63.5708700703956,64.1635381028372,63.00734843092447,63.11422348022461,11810300,0.0,0.0
2024-07-24 00:00:00-04:00,63.24052801287083,64.09552842113742,62.98792099462187,63.94007110595703,13244600,0.0,0.0
2024-07-25 00:00:00-04:00,64.1635339677946,64.98938050339056,63.988648208629755,64.19268035888672,16328600,0.0,0.0
2024-07-26 00:00:00-04:00,64.19268651669356,65.20313684295186,64.13439372891749,65.14484405517578,13530100,0.0,0.0
2024-07-29 00:00:00-04:00,64.97965852379153,65.12539788279189,64.50358353616129,64.93108367919922,12140200,0.0,0.0
2024-07-30 00:00:00-04:00,64.59103498497304,65.90267448961396,64.47444200646254,65.7569351196289,13258000,0.0,0.0
2024-07-31 00:00:00-04:00,65.58205057417653,65.68892561997308,64.71733968554084,64.84364318847656,15576800,0.0,0.0
2024-08-01 00:00:00-04:00,65.09625487207461,66.17471580699406,64.80477613894585,66.02897644042969,16495900,0.0,0.0
2024-08-02 00:00:00-04:00,66.582789851771,67.69039733964739,65.76666113969921,67.36006164550781,22514800,0.0,0.0
2024-08-05 00:00:00-04:00,67.029711807603,67.57380497362598,65.8055188624293,66.16500091552734,25484300,0.0,0.0
2024-08-06 00:00:00-04:00,66.21358931024743,66.88397862918819,65.84438187542617,66.1164321899414,12969100,0.0,0.0
2024-08-07 00:00:00-04:00,66.1164241392785,67.21431354901706,65.90267405306463,66.5147705078125,13365300,0.0,0.0
2024-08-08 00:00:00-04:00,66.06784621636776,66.90341074681906,65.9221068377797,66.77710723876953,15240900,0.0,0.0
2024-08-09 00:00:00-04:00,66.74795171181937,66.83539830176241,66.31074099994169,66.72852325439453,12080400,0.0,0.0
2024-08-12 00:00:00-04:00,66.50505220565233,66.59249879162576,65.90267368886465,66.2330093383789,11012300,0.0,0.0
2024-08-13 00:00:00-04:00,66.14557053055998,66.66050987683215,66.07755981336577,66.5147705078125,9877600,0.0,0.0
2024-08-14 00:00:00-04:00,66.2913169224375,66.9325598363997,66.19415239105604,66.6313705444336,14328000,0.0,0.0
2024-08-15 00:00:00-04:00,66.67023257392165,66.96170392016943,66.55363958785489,66.69937896728516,11285100,0.0,0.0
2024-08-16 00:00:00-04:00,66.88398183118085,67.33091794868874,66.68966758126624,67.21432495117188,12651200,0.0,0.0
2024-08-19 00:00:00-04:00,67.37947867126444,67.4474893857299,66.89368573576489,67.0199966430664,9843900,0.0,0.0
2024-08-20 00:00:00-04:00,67.02971244456603,67.41834830610055,66.81596235009143,67.40863037109375,11957400,0.0,0.0
2024-08-21 00:00:00-04:00,67.5057920276634,68.13731693663487,67.36005265920376,67.59323120117188,8792400,0.0,0.0
2024-08-22 00:00:00-04:00,67.9332938486135,67.9332938486135,66.83540429662744,67.36006164550781,12509200,0.0,0.0
2024-08-23 00:00:00-04:00,67.42807360921499,67.8652843683341,66.98114491402717,67.80699157714844,11834700,0.0,0.0
2024-08-26 00:00:00-04:00,67.84585191806646,68.90487709625104,67.7486948009341,68.8271484375,12912200,0.0,0.0
2024-08-27 00:00:00-04:00,69.29351327122657,69.49754544185357,69.03118831259556,69.46839904785156,16988400,0.0,0.0
2024-08-28 00:00:00-04:00,69.5752746334173,69.76958886999313,69.27408534294085,69.71129608154297,13272600,0.0,0.0
2024-08-29 00:00:00-04:00,69.85703771118548,70.16794494727029,69.20607684385378,70.00277709960938,17201700,0.0,0.0
2024-08-30 00:00:00-04:00,70.14851050846306,70.50800001890413,69.74044614263053,70.41084289550781,18624200,0.0,0.0
2024-09-03 00:00:00-04:00,70.3816897649975,71.2075363537618,70.1970860593797,70.93549346923828,14755800,0.0,0.0
2024-09-04 00:00:00-04:00,71.21726242040587,71.44072306708765,69.86675836617141,70.49828338623047,18140800,0.0,0.0
2024-09-05 00:00:00-04:00,70.55657788824085,70.61487067612185,68.96317744351498,69.14777374267578,23866100,0.0,0.0
2024-09-06 00:00:00-04:00,68.97288245550101,69.63356117827826,68.87572534592455,69.11862182617188,17485700,0.0,0.0
2024-09-09 00:00:00-04:00,69.20607781215091,70.25538511573521,68.96318129891701,69.80845642089844,12939300,0.0,0.0
2024-09-10 00:00:00-04:00,69.92503203521473,70.36224268531726,69.48781397250072,69.5169677734375,10277600,0.0,0.0
2024-09-11 00:00:00-04:00,69.3323761403923,69.34209407572592,68.56482232651733,69.06033325195312,11418200,0.0,0.0
2024-09-12 00:00:00-04:00,68.98260191796308,69.35180190757507,68.65226625556485,69.20606994628906,12337800,0.0,0.0
2024-09-13 00:00:00-04:00,69.29899770518053,69.91529794777277,68.94683573382426,69.85660552978516,11073800,0.485,0.0
2024-09-16 00:00:00-04:00,70.2087700850798,70.66854727871913,70.06203903471052,70.5315933227539,10786500,0.0,0.0
2024-09-17 00:00:00-04:00,70.3359442169749,70.77615227786039,70.15985949993458,70.23812103271484,12974400,0.0,0.0
2024-09-18 00:00:00-04:00,70.32616294141638,70.80550179106122,69.71964722921105,70.189208984375,10719700,0.0,0.0
2024-09-19 00:00:00-04:00,70.00334058279044,70.37507915381072,69.0642245240667,69.08379364013672,13635600,0.0,0.0
2024-09-20 00:00:00-04:00,68.87836455334387,70.23812708294949,68.84901087844987,70.08160400390625,48578500,0.0,0.0
2024-09-23 00:00:00-04:00,69.99356249182831,70.62941694986343,69.63160848399544,70.16964721679688,11613000,0.0,0.0
2024-09-24 00:00:00-04:00,69.67073545998038,70.25768202345125,69.06421978178321,69.7783432006836,13330600,0.0,0.0
2024-09-25 00:00:00-04:00,70.15008297327411,70.35551392276716,69.75878272800723,69.89573669433594,12329100,0.0,0.0
2024-09-26 00:00:00-04:00,69.31856289433848,70.0522479313544,69.29899378049717,69.84681701660156,10815200,0.0,0.0
2024-09-27 00:00:00-04:00,69.98378604659337,70.62942513736799,69.90552450121713,70.22834777832031,11175700,0.0,0.0
2024-09-30 00:00:00-04:00,70.43376791649582,70.62941428644717,70.13051380404204,70.29681396484375,18015300,0.0,0.0
2024-10-01 00:00:00-04:00,70.53159347848842,71.1674553974057,70.0718162838339,70.15007781982422,13294500,0.0,0.0
2024-10-02 00:00:00-04:00,69.83704024978506,69.87617101840245,68.87836254066764,69.4653091430664,11155500,0.0,0.0
2024-10-03 00:00:00-04:00,69.3185697112024,69.44573910995629,68.67292323268835,68.9859619140625,9374800,0.0,0.0
2024-10-04 00:00:00-04:00,68.43813903251095,68.75117768161523,68.20336191154024,68.64356994628906,12684800,0.0,0.0
2024-10-07 00:00:00-04:00,68.52618949106211,68.57509735169447,67.37185799942404,67.5088119506836,14512000,0.0,0.0
2024-10-08 00:00:00-04:00,67.53816353052537,67.9294637638542,67.36207879869895,67.67511749267578,13549700,0.0,0.0
2024-10-09 00:00:00-04:00,67.68489429204823,68.22292552069712,67.56750199647723,68.05662536621094,9037700,0.0,0.0
2024-10-10 00:00:00-04:00,68.31097624723931,68.38923778293473,67.48924504929904,67.74359130859375,8635200,0.0,0.0
2024-10-11 00:00:00-04:00,67.9490176277951,68.07618701709094,67.49902502325172,68.05662536621094,8786300,0.0,0.0
2024-10-14 00:00:00-04:00,68.05662874540002,68.93705234732208,67.95880555928217,68.80987548828125,7659300,0.0,0.0
2024-10-15 00:00:00-04:00,68.9272677896811,69.66095288071104,68.63379823132753,68.80987548828125,10358700,0.0,0.0
2024-10-16 00:00:00-04:00,68.56531223091957,69.16204335511847,68.44792739562176,69.03487396240234,7937300,0.0,0.0
2024-10-17 00:00:00-04:00,69.0935715796433,69.15227146514013,68.06641687633704,68.37945556640625,14674600,0.0,0.0
2024-10-18 00:00:00-04:00,68.35009926734115,69.01530731848669,68.09575303687757,68.90769958496094,15087500,0.0,0.0
2024-10-21 00:00:00-04:00,68.47727824496455,68.8001014907714,67.80228554253767,67.93923950195312,11981200,0.0,0.0
2024-10-22 00:00:00-04:00,67.49903141289363,68.23271653694681,67.18599272516818,67.93923950195312,18603300,0.0,0.0
2024-10-23 00:00:00-04:00,65.53275500798222,67.2055562416008,65.13167767669485,66.53057098388672,24655200,0.0,0.0
2024-10-24 00:00:00-04:00,66.1783986873364,66.55991434903375,65.49362143712331,65.83601379394531,17568800,0.0,0.0
2024-10-25 00:00:00-04:00,65.61101005244913,66.22730282589627,65.3371021531393,65.46427154541016,11138100,0.0,0.0
2024-10-28 00:00:00-04:00,65.50340376670721,65.93383474000234,65.15123432736223,65.21971130371094,10761400,0.0,0.0
2024-10-29 00:00:00-04:00,64.84797345958167,64.89688131563443,64.0947193347561,64.13385009765625,16525900,0.0,0.0
2024-10-30 00:00:00-04:00,64.0849456690438,65.09253861146436,63.899076401184765,64.48602294921875,14177800,0.0,0.0
2024-10-31 00:00:00-04:00,64.3784208958067,64.55450562210778,63.84038962236462,63.88929748535156,13383700,0.0,0.0
2024-11-01 00:00:00-04:00,64.04582165974975,64.2316909472147,63.47843670264805,63.595829010009766,12163100,0.0,0.0
2024-11-04 00:00:00-05:00,63.664299269410186,63.99689957667759,63.243652875058274,63.69364547729492,10984500,0.0,0.0
2024-11-05 00:00:00-05:00,63.23387834823672,64.0458250578484,63.23387834823672,63.948001861572266,8780200,0.0,0.0
2024-11-06 00:00:00-05:00,63.0186586008951,63.449089591684974,61.80563462908752,62.31432342529297,22899300,0.0,0.0
2024-11-07 00:00:00-05:00,62.8914888007263,62.98931198980262,62.21649610826712,62.27519226074219,14856100,0.0,0.0
2024-11-08 00:00:00-05:00,62.51975637432938,62.84257589609337,62.353456200148216,62.529537200927734,14719300,0.0,0.0
2024-11-11 00:00:00-05:00,62.598016520718986,62.725189653960626,61.87411222193832,61.981719970703125,13980900,0.0,0.0
2024-11-12 00:00:00-05:00,62.29475714810676,62.36323412625718,61.746937591187965,61.825199127197266,15021000,0.0,0.0
2024-11-13 00:00:00-05:00,61.67845871178101,61.8838896398998,61.13064290346423,61.629547119140625,13177600,0.0,0.0
2024-11-14 00:00:00-05:00,61.737158254214854,61.737158254214854,61.07195010895197,61.18933868408203,15910800,0.0,0.0
2024-11-15 00:00:00-05:00,61.130642477095364,61.26759642821935,60.05456878793569,60.39695739746094,26284300,0.0,0.0
2024-11-18 00:00:00-05:00,60.50456633282781,60.788258815656995,60.22087758171421,60.51435089111328,16062100,0.0,0.0
2024-11-19 00:00:00-05:00,60.55347709998575,61.25781224315045,60.28935002190574,61.22846603393555,16254800,0.0,0.0
2024-11-20 00:00:00-05:00,61.33607377390269,61.63932788701707,60.67086566581617,61.61976623535156,18904900,0.0,0.0
2024-11-21 00:00:00-05:00,61.77628892462847,62.421931684387275,61.58063881191342,62.373016357421875,17292300,0.0,0.0
2024-11-22 00:00:00-05:00,62.84257589609337,63.07736051504101,62.26541383390066,62.529537200927734,19562200,0.0,0.0
2024-11-25 00:00:00-05:00,62.920834099865786,63.30234975613985,62.45127608201191,62.97952651977539,36805300,0.0,0.0
2024-11-26 00:00:00-05:00,62.91105126354025,63.2338745087383,62.66648955598374,63.145835876464844,14473300,0.0,0.0
2024-11-27 00:00:00-05:00,63.546911998917565,63.6838659554951,62.85235765815126,63.0284423828125,13263400,0.0,0.0
2024-11-29 00:00:00-05:00,63.102361553393386,63.329068141159034,62.85594870585927,63.16150665283203,10648400,0.485,0.0
2024-12-02 00:00:00-05:00,63.13193898151461,63.26993168258587,62.44196795612011,62.7376708984375,16500100,0.0,0.0
2024-12-03 00:00:00-05:00,62.80666543844366,63.16150595098024,62.1265532027422,62.60953140258789,24874500,0.0,0.0
2024-12-04 00:00:00-05:00,62.3729687186322,62.44196506597431,61.01275179101434,61.31830596923828,28137700,0.0,0.0
2024-12-05 00:00:00-05:00,61.57458436142633,62.21526529819288,61.20988506755431,62.018131256103516,21040400,0.0,0.0
2024-12-06 00:00:00-05:00,61.929423333684674,62.45182533611768,61.61400661823226,61.63372039794922,15581100,0.0,0.0
2024-12-09 00:00:00-05:00,61.79142695622506,62.027988553118035,61.01275333649438,61.70271682739258,22348300,0.0,0.0
2024-12-10 00:00:00-05:00,61.80128503341967,62.136411765250756,60.90432874528632,62.00827407836914,14949400,0.0,0.0
2024-12-11 00:00:00-05:00,62.09698606027758,62.7179569736857,61.505587697044476,61.74214553833008,32819000,0.0,0.0
2024-12-12 00:00:00-05:00,62.63910166060696,63.003797191478505,62.313833689834794,62.92494583129883,17542100,0.0,0.0
2024-12-13 00:00:00-05:00,62.65881400762534,62.92494439218101,62.2054083569093,62.21526336669922,13429000,0.0,0.0
2024-12-16 00:00:00-05:00,62.323688229977876,62.944659136794655,61.4563007144264,61.65343475341797,24559700,0.0,0.0
2024-12-17 00:00:00-05:00,61.55486904266447,62.63910060702719,61.426731354506295,62.49125289916992,21902400,0.0,0.0
2024-12-18 00:00:00-05:00,61.909707214038036,62.72780836126665,61.88999343506617,61.94913101196289,20946100,0.0,0.0
2024-12-19 00:00:00-05:00,61.801287218172774,62.26454789324334,61.50558803493177,61.55487060546875,21300600,0.0,0.0
2024-12-20 00:00:00-05:00,61.574583393832775,62.15612674084743,61.38730436478221,61.65343475341797,42458100,0.0,0.0
2024-12-23 00:00:00-05:00,61.6041530971666,61.86042471964241,60.64805543789246,61.48587417602539,13010800,0.0,0.0
2024-12-24 00:00:00-05:00,61.30845552097943,61.93928146362305,61.1211764842439,61.93928146362305,5019100,0.0,0.0
2024-12-26 00:00:00-05:00,61.72243167908978,61.840714359600035,61.50558761819249,61.67314910888672,7943800,0.0,0.0
2024-12-27 00:00:00-05:00,61.55487060546875,62.0477038308768,61.31830900286448,61.55487060546875,8542800,0.0,0.0
2024-12-30 00:00:00-05:00,61.446446164838434,61.446446164838434,60.79590646330579,61.14088821411133,8972200,0.0,0.0
2024-12-31 00:00:00-05:00,61.13103021423579,61.535153285422325,60.914182404324364,61.36758804321289,9256700,0.0,0.0
2025-01-02 00:00:00-05:00,61.456301515210505,61.85056959833101,60.73676545953181,60.95361328125,12991000,0.0,0.0
2025-01-03 00:00:00-05:00,61.012753965923665,61.190174225418964,60.736764806698154,60.86490249633789,10403200,0.0,0.0
2025-01-06 00:00:00-05:00,60.61848586821247,60.68748221799265,59.79052591083124,59.938377380371094,17924200,0.0,0.0
2025-01-07 00:00:00-05:00,60.23407548328253,60.835332600641166,59.75109728343116,59.96794509887695,17799600,0.0,0.0
2025-01-08 00:00:00-05:00,60.11580029105752,60.88461894252568,60.0566589486295,60.825477600097656,14412400,0.0,0.0
2025-01-10 00:00:00-05:00,60.69734072895083,60.76633707843657,59.85952200516544,60.19464874267578,22425000,0.0,0.0
2025-01-13 00:00:00-05:00,60.25379134148357,60.9634686310283,59.83980947589828,60.76633834838867,18016200,0.0,0.0
2025-01-14 00:00:00-05:00,60.77619110071048,61.18031418113936,60.42135058911069,61.1507453918457,16658300,0.0,0.0
2025-01-15 00:00:00-05:00,61.436587566175255,61.72242796013795,60.79590291208127,60.884613037109375,16187200,0.0,0.0
2025-01-16 00:00:00-05:00,60.53963351013217,61.40702106696146,60.44106836595533,61.35773849487305,12585500,0.0,0.0
2025-01-17 00:00:00-05:00,61.416877645120074,61.870283308180035,61.27888118417134,61.81114196777344,17948900,0.0,0.0
2025-01-21 00:00:00-05:00,61.99841844126393,62.323686400033324,61.407016341653936,61.52529525756836,19817100,0.0,0.0
2025-01-22 00:00:00-05:00,61.22959694799195,61.39716219457555,60.77619129726762,60.89447021484375,18191900,0.0,0.0
2025-01-23 00:00:00-05:00,60.91418259401834,61.09160284631313,60.49034574242736,60.64805221557617,16528400,0.0,0.0
2025-01-24 00:00:00-05:00,60.83533279725427,61.12117320215236,60.55934364215337,61.03246307373047,19244600,0.0,0.0
2025-01-27 00:00:00-05:00,61.96884712421192,63.260071495345294,61.574582809986225,62.95451354980469,20742900,0.0,0.0
2025-01-28 00:00:00-05:00,62.59967397092423,63.12207974111189,61.38730470052112,61.46615982055664,14956000,0.0,0.0
2025-01-29 00:00:00-05:00,61.663293895646255,62.45182629635394,61.65343512562668,61.92942428588867,11325600,0.0,0.0
2025-01-30 00:00:00-05:00,62.934801132915865,63.36849677598034,62.32368898862031,63.13193893432617,13201000,0.0,0.0
2025-01-31 00:00:00-05:00,62.78695433101978,63.01365716589556,62.48139637443808,62.570106506347656,12096800,0.0,0.0
2025-02-03 00:00:00-05:00,62.27440552174024,62.717956168480086,61.535155697180194,62.44196701049805,12067900,0.0,0.0
2025-02-04 00:00:00-05:00,62.69824210585138,62.71795588561969,61.456300300581034,61.77171325683594,15678000,0.0,0.0
2025-02-05 00:00:00-05:00,61.82099905477966,62.38282861327975,61.69286136739678,62.21526336669922,10686800,0.0,0.0
2025-02-06 00:00:00-05:00,62.70809579980457,62.82637847593229,62.008273552800866,62.45182418823242,13423400,0.0,0.0
2025-02-07 00:00:00-05:00,62.52082274032791,63.003797191478505,62.36311625994948,62.92494583129883,13184700,0.0,0.0
2025-02-10 00:00:00-05:00,63.181212924163766,63.72333243663271,62.747521074207434,63.6247673034668,16154300,0.0,0.0
2025-02-11 00:00:00-05:00,66.5324849694717,66.70004646014121,65.45811215513855,66.63105010986328,30589100,0.0,0.0
2025-02-12 00:00:00-05:00,65.91151328071507,67.83355970620275,65.91151328071507,67.72513580322266,26033800,0.0,0.0
2025-02-13 00:00:00-05:00,68.01098907251152,68.61224624417595,67.774431216131,68.50382232666016,24393100,0.0,0.0
2025-02-14 00:00:00-05:00,68.36581741482928,69.02621205270864,67.77441911941438,67.88284301757812,20779100,0.0,0.0
2025-02-18 00:00:00-05:00,67.56743898574125,68.37568518387094,67.43929753284228,68.06027221679688,15569100,0.0,0.0
2025-02-19 00:00:00-05:00,68.21796961766714,69.12478088724713,68.1785420598544,69.06564331054688,16032300,0.0,0.0
2025-02-20 00:00:00-05:00,68.71080767179731,69.06564819718051,68.42496349745873,69.03607940673828,13398000,0.0,0.0
2025-02-21 00:00:00-05:00,69.31205824675637,70.57370998639554,69.12477923164076,70.3272933959961,21662300,0.0,0.0
2025-02-24 00:00:00-05:00,69.82460262973329,70.70185262486224,69.32191819122325,69.57818603515625,21418400,0.0,0.0
2025-02-25 00:00:00-05:00,69.84432671495418,70.74127929286543,69.71619278097782,70.46529388427734,21555600,0.0,0.0
2025-02-26 00:00:00-05:00,70.24844367626862,70.25830244625212,69.51905261829064,69.78518676757812,14531200,0.0,0.0
2025-02-27 00:00:00-05:00,69.70632792062983,70.51457405518306,69.41062499724106,69.85417938232422,16789500,0.0,0.0
2025-02-28 00:00:00-05:00,70.4258660128176,70.5441486959936,69.54862345936759,70.1893081665039,22167400,0.0,0.0
2025-03-03 00:00:00-05:00,69.23320593981384,71.32282141833014,68.73052148944659,71.28339385986328,21717600,0.0,0.0
2025-03-04 00:00:00-05:00,71.03697963298937,71.6086679698035,68.87836773504115,69.18392944335938,25411900,0.0,0.0
2025-03-05 00:00:00-05:00,68.89808785202955,69.72604407835301,68.83894275012189,69.07550811767578,23933600,0.0,0.0
2025-03-06 00:00:00-05:00,69.40077917234038,69.51905433491036,68.45453275155069,69.45005798339844,21694000,0.0,0.0
2025-03-07 00:00:00-05:00,68.65166583991538,70.79056010989339,68.65166583991538,70.4061508178711,28393300,0.0,0.0
2025-03-10 00:00:00-04:00,70.92855717079787,72.17049900920786,70.29773124145528,70.42586517333984,25251200,0.0,0.0
2025-03-11 00:00:00-04:00,70.84969996226889,71.00741019997726,69.59790691062037,70.02174377441406,28076400,0.0,0.0
2025-03-12 00:00:00-04:00,69.36135214132526,69.71619267182245,68.74037745293597,68.93751525878906,18923300,0.0,0.0
2025-03-13 00:00:00-04:00,69.24306028678939,69.24306028678939,68.28696273513948,68.6220932006836,15746600,0.0,0.0
2025-03-14 00:00:00-04:00,68.02633267932151,68.77103780147345,67.89724560980787,68.67174530029297,14205100,0.51,0.0
2025-03-17 00:00:00-04:00,68.75117725894411,69.67461194705332,68.59231076637795,69.62496948242188,15634800,0.0,0.0
2025-03-18 00:00:00-04:00,69.61503982242965,69.69447685860501,68.81076066386908,68.89019012451172,12657600,0.0,0.0
2025-03-19 00:00:00-04:00,68.06605147510706,68.89018605627673,68.05611995228844,68.7908935546875,14780000,0.0,0.0
2025-03-20 00:00:00-04:00,68.82067978336127,69.31714986132644,68.60223173697145,69.21785736083984,16295300,0.0,0.0
2025-03-21 00:00:00-04:00,69.21786229712171,69.4760288772238,67.69866496229167,68.1852035522461,47479500,0.0,0.0
2025-03-24 00:00:00-04:00,68.31429134321948,68.59231339752436,67.84760821969363,68.46322631835938,12575400,0.0,0.0
2025-03-25 00:00:00-04:00,68.4632221392725,68.59230921055784,68.11569459260492,68.32421112060547,12513900,0.0,0.0
2025-03-26 00:00:00-04:00,68.4334326440953,69.8533373475951,68.41357717452553,69.52566528320312,14478200,0.0,0.0
2025-03-27 00:00:00-04:00,69.68454125752393,70.48882036902113,69.57531723305736,70.24058532714844,11663400,0.0,0.0
2025-03-28 00:00:00-04:00,70.31009564449883,70.81649728570197,69.03913335527216,69.87320709228516,17412900,0.0,0.0
2025-03-31 00:00:00-04:00,70.23066371046215,71.43212044393248,69.99235260797278,71.1143798828125,24016900,0.0,0.0
2025-04-01 00:00:00-04:00,71.17395642365427,71.40233601118204,70.68741782913507,71.36261749267578,15309100,0.0,0.0
2025-04-02 00:00:00-04:00,71.45197322051882,71.84915080082584,70.5484016114643,70.82642364501953,14606500,0.0,0.0
2025-04-03 00:00:00-04:00,71.96830551980943,73.42792117918617,71.80943145930108,72.66336059570312,24959600,0.0,0.0
2025-04-04 00:00:00-04:00,71.90872883849867,72.49456750695835,69.29729878984223,69.43630981445312,26517300,0.0,0.0
2025-04-07 00:00:00-04:00,65.76243013562974,68.8901855794701,65.58370060379325,67.88732147216797,34258400,0.0,0.0
2025-04-08 00:00:00-04:00,68.47315455373662,69.48595778924907,67.28162935663869,67.93696594238281,22774400,0.0,0.0
2025-04-09 00:00:00-04:00,67.44049417652175,69.97249462702848,66.80501307707883,69.45616149902344,27918700,0.0,0.0
2025-04-10 00:00:00-04:00,69.69447664666176,70.70727234045317,68.49301988641076,70.26045227050781,22450200,0.0,0.0
2025-04-11 00:00:00-04:00,70.40939463369834,71.34275328909958,70.04200402512097,70.92572021484375,19988200,0.0,0.0
2025-04-14 00:00:00-04:00,70.79663953593544,72.14703881866504,70.42924893346859,71.93851470947266,13930200,0.0,0.0
2025-04-15 00:00:00-04:00,72.10732070094518,72.11724464865118,71.21367299778608,71.3526840209961,14965500,0.0,0.0
2025-04-16 00:00:00-04:00,71.84914979976735,72.15695882183884,70.88599664299021,71.1739501953125,15276200,0.0,0.0
2025-04-17 00:00:00-04:00,71.3924016975431,72.91159898725383,71.2136721590164,72.48463439941406,20754500,0.0,0.0
2025-04-21 00:00:00-04:00,72.86195024063447,72.95131879925056,71.31296592959357,72.25625610351562,16037200,0.0,0.0
2025-04-22 00:00:00-04:00,72.48463296470315,73.85488768259768,72.40519593236749,73.37828063964844,15613500,0.0,0.0
2025-04-23 00:00:00-04:00,72.7725849567812,73.42792152059484,71.86900577838598,72.78251647949219,16353900,0.0,0.0
2025-04-24 00:00:00-04:00,72.50448858346817,72.91159769337268,71.78957801758058,72.00801849365234,16893900,0.0,0.0
2025-04-25 00:00:00-04:00,72.13710977526519,72.40520030617725,70.6278363718458,71.40233612060547,16316000,0.0,0.0
2025-04-28 00:00:00-04:00,71.5711338134531,71.74986335841612,70.80656559173742,71.2831802368164,15997500,0.0,0.0
2025-04-29 00:00:00-04:00,70.68741150809562,72.19667719870706,69.78383233782739,71.83921813964844,16244100,0.0,0.0
2025-04-30 00:00:00-04:00,72.83215885801984,72.96124592651731,71.18388213990885,72.03781127929688,21074700,0.0,0.0
2025-05-01 00:00:00-04:00,71.4916916226381,71.53141013815899,70.72713103157463,70.78670501708984,18034200,0.0,0.0
2025-05-02 00:00:00-04:00,70.995222497737,71.31296305064963,70.59804491271312,71.1441650390625,12629600,0.0,0.0
2025-05-05 00:00:00-04:00,71.16402251527909,71.29310958998163,70.5086859207197,71.19380950927734,11932700,0.0,0.0
2025-05-06 00:00:00-04:00,71.17395030814868,71.39239835339689,70.65762476299741,71.21366882324219,12705500,0.0,0.0
2025-05-07 00:00:00-04:00,71.21367061672791,72.1768237992886,71.16402057772757,71.88887023925781,15018200,0.0,0.0
2025-05-08 00:00:00-04:00,71.69027628260345,71.95837436720703,70.62783061796942,70.66754913330078,14371100,0.0,0.0
2025-05-09 00:00:00-04:00,70.48882361522757,70.64769768559819,69.96256651430703,70.02214050292969,11228900,0.0,0.0
2025-05-12 00:00:00-04:00,69.65475681815578,69.8334863578777,68.2149889771923,69.03913116455078,21539000,0.0,0.0
2025-05-13 00:00:00-04:00,69.09870173092852,69.1980018068266,68.3837911829749,68.47315216064453,14389100,0.0,0.0
2025-05-14 00:00:00-04:00,68.39371569124249,68.85046725709847,68.09583818770106,68.67174530029297,16286800,0.0,0.0
2025-05-15 00:00:00-04:00,69.2079270440056,71.2236019591122,69.10863454178894,71.10444641113281,19817100,0.0,0.0
2025-05-16 00:00:00-04:00,71.35268057286319,71.74985815235495,70.9257160006277,71.49169158935547,18441200,0.0,0.0
2025-05-19 00:00:00-04:00,71.52148030856249,71.66049132841037,71.13423424248163,71.42218780517578,13282800,0.0,0.0
2025-05-20 00:00:00-04:00,71.29310769243372,71.62077219322597,70.92571709999108,71.18388366699219,12137800,0.0,0.0
2025-05-21 00:00:00-04:00,71.1838840595006,71.57113012437136,71.0746600334568,71.3427505493164,12094400,0.0,0.0
2025-05-22 00:00:00-04:00,71.33281907458824,71.48176161706982,70.45903444117937,70.63776397705078,11101800,0.0,0.0
2025-05-23 00:00:00-04:00,71.0349412946497,71.4718373974566,70.19094365784468,71.26331329345703,12822100,0.0,0.0
2025-05-27 00:00:00-04:00,71.23352824783808,71.71014287988916,71.0547987077605,71.27324676513672,10666100,0.0,0.0
2025-05-28 00:00:00-04:00,71.19381001885002,71.39240260614744,70.54840494284807,70.64769744873047,8710900,0.0,0.0
2025-05-29 00:00:00-04:00,70.49875196591115,71.15409611339906,69.96256336583893,70.98529052734375,10291100,0.0,0.0
2025-05-30 00:00:00-04:00,71.10444957380456,71.95837876680815,71.10444957380456,71.59098815917969,28019500,0.0,0.0
2025-06-02 00:00:00-04:00,71.5214785820992,71.53141010485787,70.85621049238155,71.49169158935547,10202700,0.0,0.0
2025-06-03 00:00:00-04:00,71.20374350558913,71.27324901917675,69.97249973252315,70.65763092041016,20139800,0.0,0.0
2025-06-04 00:00:00-04:00,70.75691824880333,71.34274930964742,70.18101113522177,70.86614227294922,13565900,0.0,0.0
2025-06-05 00:00:00-04:00,70.87606884171126,70.95550587594319,70.32995627631495,70.40939331054688,13531400,0.0,0.0
2025-06-06 00:00:00-04:00,70.57819243366227,70.97537003551913,70.43918140934227,70.84628295898438,9524000,0.0,0.0
2025-06-09 00:00:00-04:00,70.84628023652265,71.3228948555422,70.58811366890654,71.26331329345703,12281300,0.0,0.0
2025-06-10 00:00:00-04:00,71.39239810359122,72.17682172899586,71.25338708901643,71.83921813964844,12265000,0.0,0.0
2025-06-11 00:00:00-04:00,71.75978037073057,71.84914892234093,71.25338635522264,71.56119537353516,12718500,0.0,0.0
2025-06-12 00:00:00-04:00,71.73992725038366,71.88886979092345,71.09451462506614,71.72999572753906,12806900,0.0,0.0
2025-06-13 00:00:00-04:00,71.7699966430664,71.87999725341797,70.7300033569336,71.0199966430664,17467200,0.51,0.0
2025-06-16 00:00:00-04:00,71.19999694824219,71.62000274658203,70.23999786376953,70.5199966430664,15045900,0.0,0.0
2025-06-17 00:00:00-04:00,70.37999725341797,70.45999908447266,69.58000183105469,69.62000274658203,15437000,0.0,0.0
2025-06-18 00:00:00-04:00,70.0,70.0,69.08999633789062,69.20999908447266,16227600,0.0,0.0
2025-06-20 00:00:00-04:00,69.08999633789062,69.55999755859375,68.77999877929688,68.83999633789062,40859400,0.0,0.0
2025-06-23 00:00:00-04:00,69.13999938964844,69.80999755859375,68.97000122070312,69.73999786376953,21822800,0.0,0.0
2025-06-24 00:00:00-04:00,69.94000244140625,70.3499984741211,69.69000244140625,70.20999908447266,15216100,0.0,0.0
2025-06-25 00:00:00-04:00,69.93000030517578,70.0199966430664,69.43000030517578,69.62999725341797,12540400,0.0,0.0
2025-06-26 00:00:00-04:00,69.69999694824219,69.91999816894531,69.1500015258789,69.47000122070312,14454100,0.0,0.0
2025-06-27 00:00:00-04:00,69.58999633789062,70.55999755859375,69.47000122070312,70.33000183105469,23470700,0.0,0.0
2025-06-30 00:00:00-04:00,70.12999725341797,70.79000091552734,70.08999633789062,70.75,15429000,0.0,0.0
2025-07-01 00:00:00-04:00,70.98999786376953,72.44999694824219,70.9000015258789,71.66999816894531,21729300,0.0,0.0
2025-07-02 00:00:00-04:00,71.69000244140625,71.83000183105469,70.73999786376953,70.91000366210938,13050200,0.0,0.0
2025-07-03 00:00:00-04:00,71.04000091552734,71.4000015258789,70.44999694824219,71.3499984741211,9440500,0.0,0.0
2025-07-07 00:00:00-04:00,71.37000274658203,71.37000274658203,70.80000305175781,71.01000213623047,16984700,0.0,0.0
2025-07-08 00:00:00-04:00,70.68000030517578,70.68000030517578,69.87999725341797,70.23999786376953,17115500,0.0,0.0
2025-07-09 00:00:00-04:00,70.16000366210938,70.25,68.97000122070312,69.4800033569336,33704100,0.0,0.0
2025-07-10 00:00:00-04:00,69.29000091552734,69.8499984741211,69.16000366210938,69.7699966430664,14608400,0.0,0.0
2025-07-11 00:00:00-04:00,69.56999969482422,70.16000366210938,69.25,69.87000274658203,12916700,0.0,0.0
2025-07-14 00:00:00-04:00,69.80000305175781,70.08000183105469,69.2699966430664,69.47000122070312,13983200,0.0,0.0
2025-07-15 00:00:00-04:00,69.51000213623047,69.55000305175781,69.1500015258789,69.36000061035156,12639800,0.0,0.0
2025-07-16 00:00:00-04:00,69.3499984741211,69.5,68.79000091552734,69.2699966430664,13178300,0.0,0.0
2025-07-17 00:00:00-04:00,69.80999755859375,70.69000244140625,69.51000213623047,70.58999633789062,20464700,0.0,0.0
2025-07-18 00:00:00-04:00,70.44000244140625,70.69999694824219,69.83000183105469,69.8499984741211,14920200,0.0,0.0
